Nombre,Dueño,Categoría,Chasis,Carrocería,Ruedas,Motor o Zapatillas,Peso
Synergized aut I,Wava Beahan,bicicleta,25,11,12,23,33
Operative est V,Wava Beahan,automóvil,262,366,40,245,611
Vision oriented rerum II,Aron Simonis,bicicleta,39,10,18,35,37
Monitored voluptatem Jr,Aron Simonis,motocicleta,83,84,36,31,131
Visionary ipsa Jr,Parker Schmeler,bicicleta,31,35,15,33,49
Quality focused sint III,Parker Schmeler,automóvil,233,393,62,197,812
Cross platform consectetur I,Wilfrid Murphy,troncomóvil,111,105,56,85,214
Front line est DDS,Wilfrid Murphy,bicicleta,30,28,14,12,37
Customer focused officia I,Whitney Volkman,bicicleta,26,26,19,26,54
Profit focused earum MD,Whitney Volkman,motocicleta,82,69,40,38,138
Up sized at I,Susie Adams,motocicleta,63,69,41,50,104
Reactive consequatur Jr,Susie Adams,automóvil,354,244,66,118,611
Adaptive voluptatem I,Howard Shields,automóvil,273,179,40,194,732
Ergonomic harum PhD,Howard Shields,automóvil,270,373,64,224,586
Organic ullam I,Gene Rowe,automóvil,341,385,51,232,636
Automated ut II,Gene Rowe,motocicleta,73,84,43,35,92
Switchable sed MD,Nicholas Wilkinson,bicicleta,38,11,7,40,33
Function based non MD,Nicholas Wilkinson,troncomóvil,113,114,51,82,133
Diverse sequi I,Kennith Rutherford,bicicleta,25,29,5,15,49
Progressive aut V,Kennith Rutherford,automóvil,382,147,62,359,851
User centric rerum DDS,Kavon Jaskolski,bicicleta,32,21,12,28,43
Proactive expedita IV,Kavon Jaskolski,motocicleta,79,60,15,39,173
Reactive natus PhD,Hillard McClure,troncomóvil,97,102,38,91,273
Profound eaque MD,Hillard McClure,bicicleta,29,15,11,28,39
Reverse engineered provident MD,Cara Braun,bicicleta,32,35,8,20,34
Inverse fuga IV,Cara Braun,motocicleta,90,44,33,43,78
Ergonomic mollitia Sr,Theodore Johns,automóvil,220,265,58,398,999
Multi channelled odio I,Theodore Johns,automóvil,237,276,61,363,642
Synergistic harum Sr,Rosella Rodriguez,bicicleta,26,24,8,26,39
Vision oriented illo I,Rosella Rodriguez,bicicleta,39,19,18,27,46
Polarised repellendus III,Richie Kuvalis,bicicleta,35,22,5,38,54
Total vero Jr,Richie Kuvalis,troncomóvil,110,113,57,103,146
Extended ea III,Carlie Smith,troncomóvil,112,83,53,83,173
Synergistic et Jr,Carlie Smith,motocicleta,77,36,16,58,197
Multi channelled rerum IV,Carleton Bayer,bicicleta,30,30,9,19,54
Persevering laudantium DDS,Carleton Bayer,troncomóvil,98,101,58,93,303
Multi layered hic IV,Nathaniel Braun,bicicleta,28,14,5,36,58
Expanded cum DVM,Nathaniel Braun,troncomóvil,111,96,60,120,261
Integrated qui V,Erich Bruen,troncomóvil,113,104,54,76,182
Fully configurable delectus III,Erich Bruen,motocicleta,67,55,25,81,147
Re contextualized mollitia DVM,Shawn Hahn,motocicleta,88,75,32,87,179
Public key quia I,Shawn Hahn,bicicleta,34,24,14,27,58
Synchronised in DVM,Davion Mante,bicicleta,39,22,6,16,50
Polarised ut MD,Davion Mante,bicicleta,40,28,11,30,50
Inverse fuga Jr,Camila Veum,troncomóvil,112,99,49,93,336
Organic numquam II,Camila Veum,motocicleta,61,51,19,51,106
Balanced voluptatem III,Jeramie Daniel,bicicleta,35,16,19,32,31
Devolved aut Sr,Jeramie Daniel,troncomóvil,94,103,38,74,364
Mandatory laboriosam III,Gaetano Schroeder,troncomóvil,119,89,51,117,197
Automated dolorem MD,Gaetano Schroeder,automóvil,322,328,59,121,724
Reactive laudantium III,Gus Grant,motocicleta,90,44,37,42,187
Pre emptive laborum V,Gus Grant,motocicleta,89,74,42,39,133
